Fold,RMSE,MAE,R2
1,2787.0802295180433,1787.2875734496558,0.9250627459196002
2,3138.1296981414494,1835.4215450826075,0.9227659039580236
3,3120.353817253741,1830.3824361546426,0.9284540789929312
4,3141.2916325448014,1807.8868483276942,0.9226885665000435
5,2795.321530961831,1808.744857217185,0.9247604856792881
Average,2996.4353816839734,1813.944652046357,0.9247463562099772
