Fold,RMSE,MAE,R2
1,2129.303790806653,1307.067750663597,0.9495077348059663
2,2400.7018017434075,1347.4166655838314,0.9447457388033415
3,2388.4119277953587,1342.9236284962635,0.9491357275389186
4,2461.807722063308,1331.46319775401,0.9470508581970879
5,2148.1352483152473,1320.8127157442234,0.9488817093879318
Average,2305.672098144795,1329.936791648385,0.9478643537466492
