Fold,RMSE,MAE,R2
1,2110.6624658731284,1295.7825994353504,0.9498878756326951
2,2435.8030540663676,1342.1173817195208,0.9458768264362347
3,2382.9088457767143,1332.9675820684279,0.9502704515201381
4,2506.7051201286636,1325.735326179284,0.9478995157116696
5,2152.295232794349,1317.9913307850713,0.9497885778503365
Average,2317.6749437278445,1322.9188440375308,0.9487446494302147
