Fold,RMSE,MAE,R2
1,2903.4330361014095,1688.3720036967811,0.9047622362912849
2,3347.9656246404293,1740.1249976565443,0.9048297290668798
3,2983.2324480727543,1706.8353664994936,0.9140698645758583
4,3218.8855892370184,1708.5783438273145,0.9097862687808201
5,3060.078433730552,1688.6014824489605,0.9107333851152796
Average,3102.7190263564326,1706.502438825819,0.9088362967660245
