Fold,RMSE,MAE,R2
1,3885.420451094147,2109.6840319754237,0.8888322271921522
2,4910.566948313073,2230.0230336467457,0.8798201860665313
3,4290.377869991832,2220.7519621454103,0.889450704696681
4,3811.53086984577,2104.4573598565444,0.894561444318192
5,3706.8368840095077,2172.6596066501743,0.8899249656251117
Average,4120.946604650866,2167.5151988548596,0.8885179055797338
